,accuracy,recall,fscore
female ,0.5679012345679012,0.5369649805447471,0.5519999999999999
male ,0.5369649805447471,0.5679012345679012,0.5519999999999999
exactitude,0.552,,
