,accuracy,recall,fscore
10s ,0.04672897196261682,0.1079136690647482,0.06521739130434782
20s ,0.43838028169014087,0.35070422535211265,0.38967136150234744
30s ,0.630963096309631,0.6090356211989574,0.6198054818744473
exactitude,0.4825,,
