,accuracy,recall,fscore
female ,0.523685580426861,0.5768348623853211,0.5489768076398364
male ,0.5326155794806839,0.47892938496583143,0.5043478260869565
exactitude,0.5277142857142857,,
