,accuracy,recall,fscore
10s ,0.06467661691542288,0.10196078431372549,0.0791476407914764
20s ,0.4132231404958678,0.3241491085899514,0.36330608537693004
30s ,0.6136150234741784,0.6499254102436599,0.6312484907027288
exactitude,0.49514285714285716,,
