,accuracy,recall,fscore
10s ,0.05952380952380952,0.14285714285714285,0.08403361344537814
20s ,0.4146341463414634,0.29651162790697677,0.3457627118644068
30s ,0.6348122866894198,0.6348122866894198,0.6348122866894198
exactitude,0.484,,
