,accuracy,recall,fscore
female ,0.5520408163265306,0.5314341846758349,0.5415415415415415
male ,0.5323529411764706,0.5529531568228105,0.5424575424575424
exactitude,0.542,,
