,accuracy,recall,fscore
female ,0.5699481865284974,0.3206997084548105,0.41044776119402987
male ,0.5080928923293455,0.7435633367662204,0.6036789297658863
exactitude,0.526,,
