,accuracy,recall,fscore
10s ,0.08,0.02510460251046025,0.038216560509554146
20s ,0.4673452078032231,0.4383452665075577,0.4523809523809524
30s ,0.6179875333926982,0.6926147704590818,0.6531764705882352
exactitude,0.5557142857142857,,
