,accuracy,recall,fscore
10s ,,0.0,
20s ,0.4283513097072419,0.4423229912490056,0.4352250489236791
30s ,0.6135331516802907,0.6741516966067864,0.6424155967665239
exactitude,0.5448571428571428,,
