,accuracy,recall,fscore
female ,0.560418648905804,0.650469353948095,0.6020955788397648
male ,0.5472103004291845,0.45293072824156305,0.4956268221574344
exactitude,0.5551428571428572,,
