,accuracy,recall,fscore
female ,0.5567970204841713,0.49530646051905025,0.5242548217416716
male ,0.5161461090524087,0.5772646536412078,0.5449972051425377
exactitude,0.5348571428571428,,
