,accuracy,recall,fscore
female ,0.5303514376996805,0.680327868852459,0.5960502692998205
male ,0.5828877005347594,0.42578125,0.49209932279909696
exactitude,0.55,,
