,accuracy,recall,fscore
female ,0.5511695906432749,0.7327502429543246,0.6291197329995828
male ,0.564873417721519,0.36766220391349125,0.4454148471615721
exactitude,0.5555,,
