,accuracy,recall,fscore
10s ,0.024096385542168676,0.07407407407407407,0.03636363636363637
20s ,0.5348837209302325,0.345,0.4194528875379939
30s ,0.6111111111111112,0.6446886446886447,0.627450980392157
exactitude,0.494,,
