,accuracy,recall,fscore
female ,0.5609756097560976,0.3770491803278688,0.45098039215686275
male ,0.5476190476190477,0.71875,0.6216216216216217
exactitude,0.552,,
