,accuracy,recall,fscore
female ,0.56187624750499,0.5471331389698737,0.5544066962087643
male ,0.533066132264529,0.5478887744593203,0.5403758252920264
exactitude,0.5475,,
