,accuracy,recall,fscore
female ,0.5404178019981835,0.5782312925170068,0.5586854460093896
male ,0.5172413793103449,0.4788877445932029,0.4973262032085562
exactitude,0.53,,
