,accuracy,recall,fscore
10s ,0.04990403071017274,0.2175732217573222,0.08118657298985167
20s ,0.3708873379860419,0.29594272076372313,0.3292035398230088
30s ,0.6206185567010309,0.4505988023952096,0.5221162185602775
exactitude,0.37914285714285717,,
