,accuracy,recall,fscore
10s ,,0.0,
20s ,0.7894736842105263,0.019762845849802372,0.038560411311053984
30s ,0.563351842503786,0.9964285714285714,0.7197678168332796
exactitude,0.5655,,
