,accuracy,recall,fscore
10s ,0.0,0.0,
20s ,0.5286738351254481,0.38866930171277997,0.44798785117691725
30s ,0.6108757062146892,0.7723214285714286,0.6821766561514195
exactitude,0.58,,
