,accuracy,recall,fscore
10s ,,0.0,
20s ,0.4425531914893617,0.52,0.4781609195402299
30s ,0.5849056603773585,0.5677655677655677,0.5762081784386617
exactitude,0.518,,
