,accuracy,recall,fscore
female ,0.5072463768115942,0.5737704918032787,0.5384615384615384
male ,0.5357142857142857,0.46875,0.5
exactitude,0.52,,
