,accuracy,recall,fscore
female ,0.5418781725888325,0.23578133627829928,0.32858791843016544
male ,0.4896755162241888,0.7862640615748964,0.6034992047261986
exactitude,0.5014285714285714,,
