,accuracy,recall,fscore
10s ,0.0,0.0,
20s ,0.44613259668508287,0.42555994729907776,0.4356035064059339
30s ,0.5976470588235294,0.6803571428571429,0.6363256784968685
exactitude,0.5425,,
