,accuracy,recall,fscore
female ,0.5335195530726257,0.7827868852459017,0.6345514950166113
male ,0.6267605633802817,0.34765625,0.4472361809045226
exactitude,0.56,,
