,accuracy,recall,fscore
female ,0.49640287769784175,0.5655737704918032,0.528735632183908
male ,0.5225225225225225,0.453125,0.48535564853556484
exactitude,0.508,,
