,accuracy,recall,fscore
10s ,0.047244094488188976,0.1487603305785124,0.07171314741035857
20s ,0.3789846517119244,0.42292490118577075,0.39975093399750933
30s ,0.6075129533678757,0.41875,0.49577167019027485
exactitude,0.404,,
