,accuracy,recall,fscore
10s ,0.0,0.0,
20s ,0.5307692307692308,0.345,0.41818181818181815
30s ,0.5896739130434783,0.7948717948717948,0.6770670826833073
exactitude,0.572,,
