,accuracy,recall,fscore
female ,0.5656851642129105,0.5516289342904472,0.558568632932625
male ,0.5317185697808535,0.5458851391355832,0.5387087350277535
exactitude,0.5488571428571428,,
