,accuracy,recall,fscore
10s ,,0.0,
20s ,0.59375,0.015115354017501989,0.029480217222653222
30s ,0.5743944636678201,0.9940119760479041,0.7280701754385965
exactitude,0.5745714285714286,,
