,accuracy,recall,fscore
10s ,,0.0,
20s ,0.5789473684210527,0.22,0.3188405797101449
30s ,0.5731132075471698,0.8901098901098901,0.6972740315638449
exactitude,0.574,,
