,accuracy,recall,fscore
female ,0.5704387990762124,0.40916620651573715,0.4765273311897106
male ,0.5138573375738301,0.6696269982238011,0.5814910025706942
exactitude,0.5348571428571428,,
