,accuracy,recall,fscore
female ,0.5617053103964099,0.7298347910592808,0.6348267117497887
male ,0.5806938159879337,0.3964984552008239,0.4712362301101592
exactitude,0.568,,
