,accuracy,recall,fscore
10s ,0.06303236797274275,0.15481171548117154,0.08958837772397094
20s ,0.4152866242038217,0.25934765314240255,0.3192948090107738
30s ,0.6179511278195489,0.656187624750499,0.6364956437560503
exactitude,0.4794285714285714,,
