,accuracy,recall,fscore
10s ,0.05913978494623656,0.18181818181818182,0.08924949290060852
20s ,0.46218487394957986,0.2898550724637681,0.35627530364372473
30s ,0.6102430555555556,0.6276785714285714,0.6188380281690141
exactitude,0.4725,,
