,accuracy,recall,fscore
10s ,0.06172839506172839,0.18518518518518517,0.09259259259259259
20s ,0.4329004329004329,0.5,0.46403712296983757
30s ,0.6223404255319149,0.42857142857142855,0.5075921908893709
exactitude,0.444,,
