,accuracy,recall,fscore
female ,0.5484749455337691,0.5606904231625836,0.5545154185022028
male ,0.5258413461538461,0.5134976525821596,0.5195961995249406
exactitude,0.5377142857142857,,
