,accuracy,recall,fscore
10s ,,,
20s ,0.42028985507246375,0.44428969359331477,0.43195666892349355
30s ,0.6099919419822724,0.6622922134733158,0.6350671140939598
exactitude,0.538,,
