,accuracy,recall,fscore
10s ,1.0,0.037037037037037035,0.07142857142857142
20s ,0.5338345864661654,0.3858695652173913,0.44794952681388017
30s ,0.6338797814207651,0.8027681660899654,0.7083969465648854
exactitude,0.608,,
