,accuracy,recall,fscore
female ,0.564901349948079,0.5210727969348659,0.5421026407573493
male ,0.5178399228543876,0.5617154811715481,0.5388861013547416
exactitude,0.5405,,
