,accuracy,recall,fscore
10s ,,,
20s ,0.6303030303030303,0.14484679665738162,0.23556058890147225
30s ,0.5945504087193461,0.9545056867891514,0.732706514439221
exactitude,0.5975,,
