,accuracy,recall,fscore
female ,0.5692913385826772,0.6925287356321839,0.6248919619706137
male ,0.5602739726027397,0.42782426778242677,0.4851720047449585
exactitude,0.566,,
