,accuracy,recall,fscore
female ,0.5469667318982387,0.5354406130268199,0.5411423039690222
male ,0.5040899795501023,0.5156903765690377,0.5098241985522234
exactitude,0.526,,
