,accuracy,recall,fscore
10s ,,,
20s ,0.5835140997830802,0.21485623003194887,0.31406888499708113
30s ,0.6031589338598223,0.9165,0.7275253026394126
exactitude,0.6005714285714285,,
