,accuracy,recall,fscore
10s ,0.06521739130434782,0.02158273381294964,0.032432432432432434
20s ,0.47368421052631576,0.3384401114206128,0.39480097481722176
30s ,0.6155447605829285,0.7760279965004374,0.6865325077399381
exactitude,0.5665,,
