,accuracy,recall,fscore
female ,0.5352697095435685,0.6464365256124721,0.5856242118537199
male ,0.5229151014274981,0.4084507042253521,0.45864909390444814
exactitude,0.5305714285714286,,
