,accuracy,recall,fscore
female ,0.5664467483506126,0.6692650334075724,0.6135783563042367
male ,0.5689404934687954,0.460093896713615,0.5087605451005841
exactitude,0.5674285714285714,,
