,accuracy,recall,fscore
female ,0.5398110661268556,0.3831417624521073,0.4481792717086835
male ,0.48848292295472595,0.643305439330544,0.5553047404063205
exactitude,0.5075,,
