,accuracy,recall,fscore
10s ,,,
20s ,0.625,0.21739130434782608,0.3225806451612903
30s ,0.6146788990825688,0.9273356401384083,0.7393103448275862
exactitude,0.616,,
