,accuracy,recall,fscore
female ,0.535303776683087,0.36302895322939865,0.43264764432647645
male ,0.49868536371603855,0.6678403755868545,0.5709984947315605
exactitude,0.5114285714285715,,
