,accuracy,recall,fscore
10s ,0.08,0.07407407407407407,0.07692307692307691
20s ,0.41203703703703703,0.483695652173913,0.44499999999999995
30s ,0.5984555984555985,0.5363321799307958,0.5656934306569343
exactitude,0.492,,
