,accuracy,recall,fscore
10s ,,,
20s ,0.4228617106314948,0.4225239616613419,0.42269276867758687
30s ,0.6100489106269453,0.686,0.6457990115321253
exactitude,0.5431428571428571,,
