,accuracy,recall,fscore
10s ,0.0,0.0,
20s ,0.5447761194029851,0.3967391304347826,0.4591194968553459
30s ,0.6514285714285715,0.7889273356401384,0.7136150234741784
exactitude,0.602,,
