,accuracy,recall,fscore
female ,0.5605633802816902,0.7624521072796935,0.6461038961038962
male ,0.5724137931034483,0.3472803347280335,0.43229166666666663
exactitude,0.564,,
