,accuracy,recall,fscore
female ,0.5634920634920635,0.5440613026819924,0.5536062378167642
male ,0.5201612903225806,0.5397489539748954,0.5297741273100617
exactitude,0.542,,
