,accuracy,recall,fscore
10s ,0.10309278350515463,0.07194244604316546,0.0847457627118644
20s ,0.4217142857142857,0.5139275766016713,0.4632768361581921
30s ,0.6196498054474708,0.5573053368328958,0.5868263473053893
exactitude,0.508,,
