,accuracy,recall,fscore
female ,0.5528804815133276,0.6159003831417624,0.5826914363389216
male ,0.5209080047789725,0.4560669456066946,0.4863357501394311
exactitude,0.5395,,
