,accuracy,recall,fscore
female ,0.5408163265306123,0.5311804008908686,0.5359550561797753
male ,0.5149769585253456,0.5246478873239436,0.5197674418604652
exactitude,0.528,,
