,accuracy,recall,fscore
10s ,,,
20s ,0.4375,0.532608695652174,0.4803921568627451
30s ,0.6413043478260869,0.6124567474048442,0.6265486725663717
exactitude,0.55,,
