,accuracy,recall,fscore
10s ,0.05555555555555555,0.008064516129032258,0.014084507042253521
20s ,0.5192307692307693,0.23722044728434505,0.32565789473684215
30s ,0.6054633471645919,0.8755,0.7158626328699917
exactitude,0.5857142857142857,,
