,accuracy,recall,fscore
10s ,0.06666666666666667,0.028225806451612902,0.039660056657223795
20s ,0.42375081116158336,0.5215654952076677,0.4675975653419262
30s ,0.6208198489751888,0.5755,0.5973015049299429
exactitude,0.5174285714285715,,
