,accuracy,recall,fscore
female ,0.5491329479768786,0.7279693486590039,0.6260296540362439
male ,0.538961038961039,0.3472803347280335,0.4223918575063614
exactitude,0.546,,
