,accuracy,recall,fscore
10s ,0.10144927536231885,0.028225806451612902,0.04416403785488959
20s ,0.4885654885654886,0.3753993610223642,0.4245709123757905
30s ,0.6217091940056703,0.7675,0.686954575967778
exactitude,0.5748571428571428,,
