,accuracy,recall,fscore
10s ,0.10526315789473684,0.014388489208633094,0.02531645569620253
20s ,0.5067178502879078,0.36768802228412256,0.4261501210653753
30s ,0.6219178082191781,0.7944006999125109,0.6976565501344602
exactitude,0.587,,
